moj_prison_name,dt_prison_name,wiki_name,remaining_from_wiki,remaining_from_dt
Altcourse,Altcourse,Altcourse,Blantyre House,Blantyre House
Ashfield,Ashfield,Ashfield,Blundeston,Peterborough Female
Askham Grange,Askham Grange,Askham Grange,Dover,Prescoed
Aylesbury,Aylesbury,Aylesbury,Downview,Spring Hill
Bedford,Bedford,Bedford,Everthorpe,
Belmarsh,Belmarsh,Belmarsh,Haslar,
Birmingham,Birmingham,Birmingham,Highpoint North,
Brinsford,Brinsford,Brinsford,Highpoint South,
Bristol,Bristol,Bristol,Isle of Wight (Albany),
Brixton,Brixton,Brixton,Isle of Wight (Parkhurst),
Bronzefield,Bronzefield,Bronzefield,Morton Hall,
Buckley Hall,Buckley Hall,Buckley Hall,Northallerton,
Bullingdon,Bullingdon,Bullingdon,Prescoed,
Bure,Bure,Bure,Spring Hill,
Cardiff,Cardiff,Cardiff,Wolds,
Channings Wood,Channings Wood,Channings Wood,,
Chelmsford,Chelmsford,Chelmsford,,
Coldingley,Coldingley,Coldingley,,
Cookham Wood,Cookham Wood,Cookham Wood,,
Dartmoor,Dartmoor,Dartmoor,,
Deerbolt,Deerbolt,Deerbolt,,
Doncaster,Doncaster,Doncaster,,
Dovegate,Dovegate,Dovegate,,
Drake Hall,Drake Hall,Drake Hall,,
Durham,Durham,Durham,,
East Sutton Park,East Sutton Park,East Sutton Park,,
Eastwood Park,Eastwood Park,Eastwood Park,,
Elmley (Sheppey),Elmley,Sheppey Cluster (Elmley),,
Erlestoke,Erlestoke,Erlestoke,,
Exeter,Exeter,Exeter,,
Featherstone,Featherstone,Featherstone,,
Feltham,Feltham,Feltham,,
Ford,Ford,Ford,,
Forest Bank,Forest Bank,Forest Bank,,
Foston Hall,Foston Hall,Foston Hall,,
Frankland,Frankland,Frankland,,
Full Sutton,Full Sutton,Full Sutton,,
Garth,Garth,Garth,,
Gartree,Gartree,Gartree,,
Glen Parva,Glen Parva,Glen Parva,,
Grendon / Springhill,Grendon,Grendon,,
Guys Marsh,Guys Marsh,Guys Marsh,,
Hatfield,Hatfield,Hatfield,,
Haverigg,Haverigg,Haverigg,,
Hewell,Hewell,Hewell,,
High Down,High Down,High Down,,
Highpoint (North and South),Highpoint,,,
Hindley,Hindley,Hindley,,
Hollesley Bay,Hollesley Bay,Hollesley Bay,,
Holloway,Holloway,Holloway,,
Holme House,Holme House,Holme House,,
Hull,Hull,Hull,,
Humber,Humber,,,
Huntercombe,Huntercombe,Huntercombe,,
Isis,Isis,Isis,,
Isle of Wight,Isle of Wight,,,
Kennet,Kennet,Kennet,,
Kirkham,Kirkham,Kirkham,,
Kirklevington Grange,Kirklevington Grange,Kirklevington Grange,,
Lancaster Farms,Lancaster Farms,Lancaster Farms,,
Leeds,Leeds,Leeds,,
Leicester,Leicester,Leicester,,
Lewes,Lewes,Lewes,,
Leyhill,Leyhill,Leyhill,,
Lincoln,Lincoln,Lincoln,,
Lindholme,Lindholme,Lindholme,,
Littlehey,Littlehey,Littlehey,,
Liverpool,Liverpool,Liverpool,,
Long Lartin,Long Lartin,Long Lartin,,
Low Newton,Low Newton,Low Newton,,
Lowdham Grange,Lowdham Grange,Lowdham Grange,,
Maidstone,Maidstone,Maidstone,,
Manchester,Manchester,Manchester,,
Moorland,Moorland,Moorland,,
Mount,The Mount,The Mount,,
New Hall,New Hall,New Hall,,
North Sea Camp,North Sea Camp,North Sea Camp,,
Northumberland,Northumberland,Northumberland,,
Norwich,Norwich,Norwich,,
Nottingham,Nottingham,Nottingham,,
Oakwood,Oakwood,Oakwood,,
Onley,Onley,Onley,,
Parc,Parc,Parc,,
Pentonville,Pentonville,Pentonville,,
Peterborough (Male & Female),Peterborough Male,Peterborough,,
Portland,Portland,Portland,,
Preston,Preston,Preston,,
Ranby,Ranby,Ranby,,
Risley,Risley,Risley,,
Rochester,Rochester,Rochester,,
Rye Hill,Rye Hill,Rye Hill,,
Send,Send,Send,,
Stafford,Stafford,Stafford,,
Standford Hill (Sheppey),Standford Hill,Sheppey Cluster (Standford Hill),,
Stocken,Stocken,Stocken,,
Stoke Heath,Stoke Heath,Stoke Heath,,
Styal,Styal,Styal,,
Sudbury,Sudbury,Sudbury,,
Swaleside (Sheppey),Swaleside,Sheppey Cluster (Swaleside),,
Swansea,Swansea,Swansea,,
Swinfen Hall,Swinfen Hall,Swinfen Hall,,
Thameside,Thameside,Thameside,,
Thorn Cross,Thorn Cross,Thorn Cross,,
Usk / Prescoed,Usk,Usk,,
Wakefield,Wakefield,Wakefield,,
Wandsworth,Wandsworth,Wandsworth,,
Warren Hill,Warren Hill,Warren Hill,,
Wayland,Wayland,Wayland,,
Wealstun,Wealstun,Wealstun,,
Werrington,Werrington,Werrington,,
Wetherby,Wetherby,Wetherby,,
Whatton,Whatton,Whatton,,
Whitemoor,Whitemoor,Whitemoor,,
Winchester,Winchester,Winchester,,
Woodhill,Woodhill,Woodhill,,
Wormwood Scrubs,Wormwood Scrubs,Wormwood Scrubs,,
Wymott,Wymott,Wymott,,
Morton Hall (IRC),,,,
Verne (IRC),,The Verne,,
